Workbook

Sheet Values
C5: Per Proton SRC Single Ratio to C | AC5: Per Proton MF Single Ratio to C | AJ5: Double Ratio to C
C6: Target | D6: Data | E6: Rel (%) | F6: Uncertainty | G6: L=0, l=0 | J6: Av18 | M6: SRG | P6: Spatial | S6: l=0, n=0 | V6: LCA | Y6: Spatial Overlap | AC6: Target | AD6: Data | AE6: Rel (%) | AF6: Uncertainty | AG6: Av18 | AH6: SRG | AJ6: Target | AK6: Data | AL6: Rel (%) | AM6: Uncertainty | AN6: Av18 | AO6: SRG | AP6: Spatial | AQ6: l=0, n=0 | AR6: Deur et. All
C7: Be9 | D7: 0.80074961 | E7: 0.05107496 | F7: =D7*E7 -> 0.040898254 | G7: =G19*6/4 -> 1 | H7: =G7/D7 -> 1.2488298 | I7: =H7*E7 -> 0.063783933 | J7: 0.934 | K7: =J7/D7 -> 1.1664071 | L7: =K7*E7 -> 0.059574194 | M7: =1.0247455 -> 1.0247455 | N7: =M7/D7 -> 1.2797327 | O7: =N7*E7 -> 0.065362299 | P7: =AP7 -> 0.78 | Q7: =P7/D7 -> 0.97408727 | R7: =Q7*E7 -> 0.049751468 | S7: =AQ7 -> 0.9469 | T7: =S7/D7 -> 1.182517 | U7: =T7*E7 -> 0.060397007 | V7: 1.0103093 | W7: =V7/D7 -> 1.2617044 | X7: =W7*E7 -> 0.0644415 | Y7: 0.91 | Z7: =Y7/D7 -> 1.1364351 | AA7: =Z7*E7 -> 0.058043379 | AC7: Be9 | AD7: 1.0483108 | AE7: 0.04513681 | AF7: =AE7*AD7 -> 0.047317403 | AG7: =1.029279 -> 1.029279 | AH7: =0.999837 -> 0.999837 | AJ7: Be9 | AK7: 0.76384756 | AL7: 0.027476289 | AM7: =AL7*AK7 -> 0.020987697 | AN7: =0.907337 -> 0.907337 | AP7: 0.78 | AQ7: 0.9469
C8: B10 | D8: 0.92101955 | E8: 0.03975341 | F8: =D8*E8 -> 0.036613668 | G8: =G20*6/5 -> 0.8 | H8: =G8/D8 -> 0.86860262 | I8: =H8*E8 -> 0.034529916 | J8: 0.896 | K8: =J8/D8 -> 0.97283494 | L8: =K8*E8 -> 0.038673506 | M8: =0.9736866 -> 0.9736866 | N8: =M8/D8 -> 1.0571834 | O8: =N8*E8 -> 0.042026646 | P8: =AP8 -> 0.86 | Q8: =P8/D8 -> 0.93374782 | R8: =Q8*E8 -> 0.03711966 | V8: 0.95670103 | W8: =V8/D8 -> 1.0387413 | X8: =W8*E8 -> 0.041293508 | Z8: =Y8/D8 -> 0 | AA8: =Z8*E8 -> 0 | AC8: B10 | AD8: 1.0697705 | AE8: 0.028823855 | AF8: =AE8*AD8 -> 0.03083491 | AG8: =1.021918 -> 1.021918 | AH8: =1.0060651 -> 1.0060651 | AJ8: B10 | AK8: 0.8609506 | AL8: 0.026614813 | AM8: =AL8*AK8 -> 0.022914039 | AN8: =0.876947 -> 0.876947 | AP8: 0.86
C9: B11 | D9: 1.0003294 | E9: 0.039087222 | F9: =D9*E9 -> 0.039100099 | G9: =G21*6/5 -> 1 | H9: =G9/D9 -> 0.99967066 | I9: =H9*E9 -> 0.039074349 | J9: 1.011 | K9: =J9/D9 -> 1.010667 | L9: =K9*E9 -> 0.039504167 | M9: =1.0387046 -> 1.0387046 | N9: =M9/D9 -> 1.0383625 | O9: =N9*E9 -> 0.040586706 | P9: =AP9 -> 1.02 | Q9: =P9/D9 -> 1.0196641 | R9: =Q9*E9 -> 0.039855836 | V9: 1.0391753 | W9: =V9/D9 -> 1.038833 | X9: =W9*E9 -> 0.040605097 | Y9: 1.02 | Z9: =Y9/D9 -> 1.0196641 | AA9: =Z9*E9 -> 0.039855836 | AC9: B11 | AD9: 1.0045354 | AE9: 0.028646958 | AF9: =AE9*AD9 -> 0.028776884 | AG9: =1.005008 -> 1.005008 | AH9: =0.992448 -> 0.992448 | AJ9: B11 | AK9: 0.99581303 | AL9: 0.025890143 | AM9: =AL9*AK9 -> 0.025781741 | AN9: =1.005515 -> 1.005515 | AP9: 1.02
C10: C12 | D10: 1 | E10: 0 | F10: =D10*E10 -> 0 | G10: 1 | H10: =G10/D10 -> 1 | I10: =H10*E10 -> 0 | J10: =1 -> 1 | K10: =J10/D10 -> 1 | L10: =K10*E10 -> 0 | M10: =1 -> 1 | N10: =M10/D10 -> 1 | O10: =N10*E10 -> 0 | P10: =AP10 -> 1 | Q10: =P10/D10 -> 1 | R10: =Q10*E10 -> 0 | S10: =AQ10 -> 1 | T10: =S10/D10 -> 1 | U10: =T10*E10 -> 0 | V10: 1 | W10: =V10/D10 -> 1 | X10: =W10*E10 -> 0 | Y10: 1 | Z10: =Y10/D10 -> 1 | AA10: =Z10*E10 -> 0 | AC10: C12 | AD10: 1 | AE10: 0 | AF10: =AE10*AD10 -> 0 | AG10: =1 -> 1 | AH10: =1 -> 1 | AJ10: C12 | AK10: 1 | AL10: 0 | AM10: =AL10*AK10 -> 0 | AN10: =1 -> 1 | AO10: 1 | AP10: =1 -> 1 | AQ10: 1 | AR10: 1
C11: Ca40 | D11: 0.92710413 | E11: 0.053401501 | F11: =D11*E11 -> 0.049508752 | G11: =G23*6/20 -> 1 | H11: =G11/D11 -> 1.0786275 | I11: =H11*E11 -> 0.057600327 | J11: 0.854 | K11: =J11/D11 -> 0.92114787 | L11: =K11*E11 -> 0.049190679 | M11: =1.158137 -> 1.158137 | N11: =M11/D11 -> 1.2491984 | O11: =N11*E11 -> 0.066709069 | P11: =AP12 -> 1.16 | Q11: =P11/D11 -> 1.2512079 | R11: =Q11*E11 -> 0.066816379 | S11: =AQ12 -> 1.58 | T11: =S11/D11 -> 1.7042314 | U11: =T11*E11 -> 0.091008516 | V11: 1.1041237 | W11: =V11/D11 -> 1.1909382 | X11: =W11*E11 -> 0.063597886 | Y11: 1.23 | Z11: =Y11/D11 -> 1.3267118 | AA11: =Z11*E11 -> 0.070848402 | AC11: Ca40 | AD11: 0.79342497 | AE11: 0.045149335 | AF11: =AE11*AD11 -> 0.03582261 | AG11: =1.0211787 -> 1.0211787 | AH11: =0.983376 -> 0.983376 | AJ11: Al27 | AQ11: 1.38 | AR11: 1.15 | AS11: 0.09
C12: Ca48 | D12: 1.0160718 | E12: 0.057749424 | F12: =D12*E12 -> 0.058677561 | G12: =G24*6/20 -> 1 | H12: =G12/D12 -> 0.98418241 | I12: =H12*E12 -> 0.056835967 | M12: =1.3468999 -> 1.3468999 | N12: =M12/D12 -> 1.3255952 | O12: =N12*E12 -> 0.076552358 | P12: =AP13 -> 1.53 | Q12: =P12/D12 -> 1.5057991 | R12: =Q12*E12 -> 0.086959029 | S12: =AQ13 -> 1.896 | T12: =S12/D12 -> 1.8660098 | U12: =T12*E12 -> 0.10776099 | V12: 1.2391753 | W12: =V12/D12 -> 1.2195745 | X12: =W12*E12 -> 0.070429724 | Y12: 1.38 | Z12: =Y12/D12 -> 1.3581717 | AA12: =Z12*E12 -> 0.078433634 | AC12: Ca48 | AD12: 0.76407708 | AE12: 0.045316662 | AF12: =AE12*AD12 -> 0.034625422 | AH12: =0.961747 -> 0.961747 | AJ12: Ca40 | AK12: 1.1684837 | AL12: 0.031257535 | AM12: =AL12*AK12 -> 0.03652392 | AN12: =0.836648 -> 0.836648 | AO12: 1.179 | AP12: 1.16 | AQ12: 1.58
C13: Fe54 | D13: 1.1665619 | E13: 0.054790222 | F13: =D13*E13 -> 0.063916187 | G13: =G25*6/26 -> 1 | H13: =G13/D13 -> 0.85721982 | I13: =H13*E13 -> 0.046967264 | M13: =1.17876555 -> 1.1787656 | N13: =M13/D13 -> 1.0104612 | O13: =N13*E13 -> 0.055363393 | P13: =AP14 -> 1.35 | Q13: =P13/D13 -> 1.1572468 | R13: =Q13*E13 -> 0.063405807 | S13: =AQ14 -> 1.782 | T13: =S13/D13 -> 1.5275657 | U13: =T13*E13 -> 0.083695665 | V13: 1.1395718 | W13: =V13/D13 -> 0.97686351 | X13: =W13*E13 -> 0.053522568 | Y13: 1.24 | Z13: =Y13/D13 -> 1.0629526 | AA13: =Z13*E13 -> 0.058239408 | AC13: Fe54 | AD13: 0.84113747 | AE13: 0.04518521 | AF13: =AE13*AD13 -> 0.038006973 | AH13: =0.9736157 -> 0.9736157 | AJ13: Ca48 | AK13: 1.3298028 | AL13: 0.0378048 | AM13: =AL13*AK13 -> 0.050272927 | AO13: 1.401 | AP13: 1.53 | AQ13: 1.896
C14: Au197 | D14: 1.2620703 | E14: 0.077644042 | F14: =D14*E14 -> 0.097992241 | G14: =G26*6/79 -> 1.1 | H14: =G14/D14 -> 0.87158376 | I14: =H14*E14 -> 0.067673286 | M14: 1.584 | N14: =M14/D14 -> 1.2550806 | O14: =N14*E14 -> 0.097449531 | P14: =AP15 -> 1.73 | Q14: =P14/D14 -> 1.3707635 | R14: =Q14*E14 -> 0.10643162 | S14: =AQ15 -> 2.688 | T14: =S14/D14 -> 2.1298338 | U14: =T14*E14 -> 0.1653689 | V14: 1.3519509 | W14: =V14/D14 -> 1.0712168 | X14: =W14*E14 -> 0.083173601 | Y14: 1.52 | Z14: =Y14/D14 -> 1.2043703 | AA14: =Z14*E14 -> 0.093512176 | AC14: Au197 | AD14: 0.80193354 | AE14: 0.057475932 | AF14: =AE14*AD14 -> 0.046091877 | AH14: 0.954 | AJ14: Fe54 | AK14: 1.3868862 | AL14: 0.034006073 | AM14: =AL14*AK14 -> 0.047162552 | AO14: 1.21 | AP14: 1.35 | AQ14: 1.782 | AR14: 1.36 | AS14: 0.08
AJ15: Au197 | AK15: 1.5737842 | AL15: 0.059662848 | AM15: =AL15*AK15 -> 0.093896448 | AP15: 1.73 | AQ15: 2.688
AJ16: Pb208 | AR16: 1.5 | AS16: 0.1
C17: Per Nucleus SRC Single Ratio to C | AC17: Per Nucleus MF Single Ratio to C
C18: Target | D18: Data | E18: Rel (%) | F18: Uncertainty | G18: L=0, l=0 | J18: Av18 | M18: SRG | P18: Spatial | S18: l=0, n=0 | V18: LCA | AC18: Target | AD18: Data | AE18: Rel (%) | AF18: Uncertainty | AG18: Av18 | AH18: SRG
C19: Be9 | D19: =D7*4/6 -> 0.53383307 | E19: 0.05107496 | F19: =E19*D19 -> 0.027265503 | G19: =4/6 -> 0.66666667 | J19: =J7*4/6 -> 0.62266667 | M19: =M7*4/6 -> 0.68316367 | P19: =P7*4/6 -> 0.52 | S19: =S7*4/6 -> 0.63126667 | V19: =V7*4/6 -> 0.67353952 | Y19: =Y7*4/6 -> 0.60666667 | AC19: Be9 | AD19: 0.53378076 | AE19: 0.04513681 | AF19: =AE19*AD19 -> 0.024093161 | AG19: =AG7*4/6 -> 0.686186 | AH19: =AH7*4/6 -> 0.666558 | AJ19: Double Ratio to Ca40
C20: B10 | D20: =D8*5/6 -> 0.76751629 | E20: 0.03975341 | F20: =E20*D20 -> 0.03051139 | G20: =4/6 -> 0.66666667 | J20: =J8*5/6 -> 0.74666667 | M20: =M8*5/6 -> 0.8114055 | P20: =P8*5/6 -> 0.71666667 | V20: =V8*5/6 -> 0.79725086 | Y20: =Y8*5/6 -> 0 | AC20: B10 | AD20: 0.76751759 | AE20: 0.028823855 | AF20: =AE20*AD20 -> 0.022122816 | AG20: =AG8*5/6 -> 0.85159833 | AH20: =AH8*4/6 -> 0.67071007 | AJ20: Target | AK20: Data | AL20: Rel (%) | AM20: Uncertainty | AN20: Av18 | AO20: SRG | AP20: Spatial | AQ20: l=0, n=0 | AR20: Deur et. All
C21: B11 | D21: =D9*5/6 -> 0.83360787 | E21: 0.039087222 | F21: =E21*D21 -> 0.032583416 | G21: =5/6 -> 0.83333333 | J21: =J9*5/6 -> 0.8425 | M21: =M9*5/6 -> 0.86558717 | P21: =P9*5/6 -> 0.85 | V21: =V9*5/6 -> 0.86597938 | Y21: =Y9*5/6 -> 0.85 | AC21: B11 | AD21: 0.83361773 | AE21: 0.028646958 | AF21: =AE21*AD21 -> 0.023880612 | AG21: =AG9*5/6 -> 0.83750667 | AH21: =AH9*4/6 -> 0.661632 | AJ21: Ca40 | AK21: 1 | AL21: 0 | AM21: =AL21*AK21 -> 0 | AN21: 1 | AO21: =AO12/$AO$12 -> 1 | AP21: =AP12/$AP$12 -> 1 | AQ21: =AQ12/$AQ$12 -> 1 | AR21: 1
C22: C12 | D22: =D10*6/6 -> 1 | E22: 0 | F22: =E22*D22 -> 0 | G22: 1 | J22: =1 -> 1 | M22: =1 -> 1 | P22: =1 -> 1 | S22: =S10*6/6 -> 1 | V22: =1 -> 1 | Y22: =1 -> 1 | AC22: C12 | AD22: 1 | AE22: 0 | AF22: =AE22*AD22 -> 0 | AG22: =1 -> 1 | AH22: =1 -> 1 | AJ22: Ca48 | AK22: 1.1380585 | AL22: 0.021501811 | AM22: =AL22*AK22 -> 0.024470318 | AO22: =AO13/$AO$12 -> 1.1882952 | AP22: 1.31856 | AQ22: =AQ13/$AQ$12 -> 1.2
C23: Ca40 | D23: =D11*20/6 -> 3.0903471 | E23: 0.053401501 | F23: =E23*D23 -> 0.16502917 | G23: =20/6 -> 3.3333333 | J23: =J11*20/6 -> 2.8466667 | M23: =M11*20/6 -> 3.8604567 | P23: =P11*20/6 -> 3.8666667 | S23: =S11*20/6 -> 5.2666667 | V23: =V11*20/6 -> 3.6804124 | Y23: =Y11*20/6 -> 4.1 | AC23: Ca40 | AD23: 3.0903481 | AE23: 0.045149335 | AF23: =AE23*AD23 -> 0.13952716 | AG23: =AG11*20/6 -> 3.403929 | AH23: =AH11*20/6 -> 3.27792 | AJ23: Fe54 | AK23: 1.186911 | AL23: 0.022636963 | AM23: =AL23*AK23 -> 0.026868061 | AO23: =AO14/$AO$12 -> 1.0262935 | AP23: 1.14853 | AQ23: =AQ14/$AQ$12 -> 1.1278481
C24: Ca48 | D24: =D12*20/6 -> 3.386906 | E24: 0.057749424 | F24: =E24*D24 -> 0.19559187 | G24: =20/6 -> 3.3333333 | M24: =M12*20/6 -> 4.4896663 | O24: =O39*20/6 -> 0 | P24: =P12*20/6 -> 5.1 | S24: =S12*20/6 -> 6.32 | V24: =V12*20/6 -> 4.1305842 | Y24: =Y12*20/6 -> 4.6 | AC24: Ca48 | AD24: 3.3869371 | AE24: 0.045316662 | AF24: =AE24*AD24 -> 0.15348468 | AH24: =AH12*20/6 -> 3.2058233 | AK24: =AK23/AK22 -> 1.0429262 | AO24: =AO23/AO22 -> 0.86366881 | AQ24: =AQ23/AQ22 -> 0.93987342
C25: Fe54 | D25: =D13*26/6 -> 5.0551017 | E25: 0.054790222 | F25: =E25*D25 -> 0.27697014 | G25: =26/6 -> 4.3333333 | M25: =M13*26/6 -> 5.107984 | O25: =O40*26/6 -> 0 | P25: =P13*26/6 -> 5.85 | S25: =S13*26/6 -> 7.722 | V25: =V13*26/6 -> 4.9381443 | Y25: =Y13*26/6 -> 5.3733333 | AC25: Fe54 | AD25: 5.0550764 | AE25: 0.04518521 | AF25: =AE25*AD25 -> 0.22841469 | AH25: =AH13*26/6 -> 4.2190014 | AP25: 1.307
C26: Au197 | D26: =D14*79/6 -> 16.617259 | E26: 0.077644042 | F26: =E26*D26 -> 1.2902312 | G26: =79/6*(1.1) -> 14.483333 | M26: =M14*79/6 -> 20.856 | P26: =P14*79/6 -> 22.778333 | S26: =S14*79/6 -> 35.392 | V26: =V14*79/6 -> 17.800687 | Y26: =Y14*79/6 -> 20.013333 | AC26: Au197 | AD26: 16.617489 | AE26: 0.057475932 | AF26: =AE26*AD26 -> 0.95510568 | AH26: =AH14*79/6 -> 12.561 | AP26: 1.538
C29: Per Proton SRC Single Ratio to Ca40 | AC29: Per Proton MF Single Ratio to Ca40
C30: Target | D30: Data | E30: Rel (%) | F30: Uncertainty | G30: L=0, l=0 | J30: Av18 | M30: SRG | P30: Spatial | S30: l=0, n=0 | V30: LCA | AC30: Target | AD30: Data | AE30: Rel (%) | AF30: Uncertainty | AG30: Av18 | AH30: SRG
C31: Ca40 | D31: 1 | E31: 0 | F31: =D31*E31 -> 0 | G31: 1 | J31: 1 | M31: =M11/$M$11 -> 1 | O31: 1 | P31: =P11/$P$11 -> 1 | S31: =S11/$S$11 -> 1 | V31: =V11/$V$11 -> 1 | AC31: Ca40 | AD31: 1 | AE31: 0 | AF31: =AE31*AD31 -> 0 | AG31: 1 | AH31: =AH11/$AH$11 -> 1
C32: Ca48 | D32: 1.095963 | E32: 0.025351898 | F32: =D32*E32 -> 0.027784742 | G32: 1 | M32: =M12/$M$11 -> 1.1629884 | P32: 1.2622 | S32: =S12/$S$11 -> 1.2 | V32: =V12/$V$11 -> 1.1223156 | AC32: Ca48 | AD32: 0.96301112 | AE32: 0.017850265 | AF32: =AE32*AD32 -> 0.017190004 | AH32: =AH12/$AH$11 -> 0.97800536
C33: Fe54 | D33: 1.2582857 | E33: 0.025399235 | F33: =E33*D33 -> 0.031959495 | G33: =1.43*20/26 -> 1.1 | M33: =M13/$M$11 -> 1.0178118 | P33: 1.1102 | S33: =S13/$S$11 -> 1.1278481 | V33: =V13/$V$11 -> 1.0321052 | AC33: Fe54 | AD33: 1.0601349 | AE33: 0.017964836 | AF33: =AE33*AD33 -> 0.019045149 | AH33: =AH13/$AH$11 -> 0.9900747
D34: =D33/D32 -> 1.1481097 | E34: =D34*E40 -> 0.030368763 | M34: =M33/M32 -> 0.87516938 | S34: =S33/S32 -> 0.93987342 | V34: =V33/V32 -> 0.91962114 | AD34: =AD33/AD32 -> 1.1008542
C36: Per Nucleus SRC Single Ratio to Ca40 | AC36: Per Nucleus MF Single Ratio to Ca40
C37: Target | D37: Data | E37: Rel (%) | F37: Uncertainty | G37: L=0, l=0 | J37: Av18 | M37: SRG | P37: Spatial | S37: l=0, n=0 | V37: LCA | AC37: Target | AD37: Data | AE37: Rel (%) | AF37: Uncertainty | AG37: Av18 | AH37: SRG
C38: Ca40 | D38: 1 | E38: 0 | F38: 0 | G38: 1 | J38: 1 | M38: =M23/M23 -> 1 | P38: =P23/$P$23 -> 1 | S38: =S23/$S$23 -> 1 | V38: =V23/$V$23 -> 1 | AC38: Ca40 | AD38: 1 | AF38: 0 | AG38: 1 | AH38: =AH23/$AH$23 -> 1
C39: Ca48 | D39: =D32*20/20 -> 1.095963 | E39: 0.025351898 | F39: =D39*E39 -> 0.027784742 | G39: 1 | M39: =M24/M23 -> 1.1629884 | P39: =P24/$P$23 -> 1.3189655 | S39: =S24/$S$23 -> 1.2 | V39: =V24/$V$23 -> 1.1223156 | AC39: Ca48 | AD39: 0.96293064 | AF39: 0.031813292 | AH39: =AH24/$AH$23 -> 0.97800536
C40: Fe54 | D40: =D33*26/20 -> 1.6357715 | E40: 0.026451098 | F40: =D40*E40 -> 0.043267952 | G40: 1.3 | M40: =M25/M23 -> 1.3231554 | P40: =P25/$P$23 -> 1.512931 | S40: =S25/$S$23 -> 1.4662025 | V40: =V25/$V$23 -> 1.3417367 | AC40: Fe54 | AD40: 1.3780498 | AF40: 0.045758976 | AH40: =AH25/$AH$23 -> 1.2870971
M41: =M40/M39 -> 1.1377202 | P41: =P40/P39 -> 1.1470588 | S41: =S40/S39 -> 1.2218354 | V41: =V40/V39 -> 1.1955075

Sheet Ratios
H7: Per Proton SRC to C12
F8: L=0, l=0 | H8: Av18 | J8: SRG | L8: Spatial | N8: l=0, n=0
C9: =E9/D9 -> 0.048048429 | D9: 0.80074961 | E9: 0.038474761 | F9: =Values!G7/Values!D7 -> 1.2488298 | G9: =F9*C9 -> 0.060004311 | H9: =Values!J7/Values!D7 -> 1.1664071 | I9: =H9*C9 -> 0.056044027 | J9: =Values!M7/Values!D7 -> 1.2797327 | K9: =J9*C9 -> 0.061489148 | L9: =Values!P7/Values!D7 -> 0.97408727 | M9: =L9*C9 -> 0.046803363 | N9: =Values!S7/Values!D7 -> 1.182517 | O9: =N9*C9 -> 0.056818082
C10: =E10/D10 -> 0.035781749 | D10: 0.92101955 | E10: 0.032955691 | F10: =Values!G8/Values!D8 -> 0.86860262 | G10: =F10*C10 -> 0.031080121 | H10: =Values!J8/Values!D8 -> 0.97283494 | I10: =H10*C10 -> 0.034809736 | J10: =Values!M8/Values!D8 -> 1.0571834 | K10: =J10*C10 -> 0.037827872 | L10: =Values!P8/Values!D8 -> 0.93374782 | M10: =L10*C10 -> 0.03341113 | N10: =Values!S8/Values!D8 -> 0 | O10: =N10*C10 -> 0
C11: =E11/D11 -> 0.035040133 | D11: 1.0003294 | E11: 0.035051677 | F11: =Values!G9/Values!D9 -> 0.99967066 | G11: =F11*C11 -> 0.035028593 | H11: =Values!J9/Values!D9 -> 1.010667 | I11: =H11*C11 -> 0.035413908 | J11: =Values!M9/Values!D9 -> 1.0383625 | K11: =J11*C11 -> 0.036384361 | L11: =Values!P9/Values!D9 -> 1.0196641 | M11: =L11*C11 -> 0.035729165 | N11: =Values!S9/Values!D9 -> 0 | O11: =N11*C11 -> 0
C12: =E12/D12 -> 0 | D12: 1 | E12: 0 | F12: =Values!G10/Values!D10 -> 1 | G12: =F12*C12 -> 0 | H12: =Values!J10/Values!D10 -> 1 | I12: =H12*C12 -> 0 | J12: =Values!M10/Values!D10 -> 1 | K12: =J12*C12 -> 0 | L12: =Values!P10/Values!D10 -> 1 | M12: =L12*C12 -> 0 | N12: =Values!S10/Values!D10 -> 1 | O12: =N12*C12 -> 0
C13: =E13/D13 -> 0.053401501 | D13: 0.92658716 | E13: 0.049481145 | F13: =Values!G11/Values!D11 -> 1.0786275 | G13: =F13*C13 -> 0.057600327 | H13: =Values!J11/Values!D11 -> 0.92114787 | I13: =H13*C13 -> 0.049190679 | J13: =Values!M11/Values!D11 -> 1.2491984 | K13: =J13*C13 -> 0.066709069 | L13: =Values!P11/Values!D11 -> 1.2512079 | M13: =L13*C13 -> 0.066816379 | N13: =Values!S11/Values!D11 -> 1.7042314 | O13: =N13*C13 -> 0.091008516
C14: =E14/D14 -> 0.057749424 | D14: 1.0160718 | E14: 0.058677561 | F14: =Values!G12/Values!D12 -> 0.98418241 | G14: =F14*C14 -> 0.056835967 | H14: =Values!J12/Values!D12 -> 0 | I14: =H14*C14 -> 0 | J14: =Values!M12/Values!D12 -> 1.3255952 | K14: =J14*C14 -> 0.076552358 | L14: =Values!P12/Values!D12 -> 1.5057991 | M14: =L14*C14 -> 0.086959029 | N14: =Values!S12/Values!D12 -> 1.8660098 | O14: =N14*C14 -> 0.10776099
C15: =E15/D15 -> 0.054790222 | D15: 1.1665594 | E15: 0.063916048 | F15: =Values!G13/Values!D13 -> 0.85721982 | G15: =F15*C15 -> 0.046967264 | H15: =Values!J13/Values!D13 -> 0 | I15: =H15*C15 -> 0 | J15: =Values!M13/Values!D13 -> 1.0104612 | K15: =J15*C15 -> 0.055363393 | L15: =Values!P13/Values!D13 -> 1.1572468 | M15: =L15*C15 -> 0.063405807 | N15: =Values!S13/Values!D13 -> 1.5275657 | O15: =N15*C15 -> 0.083695665
C16: =E16/D16 -> 0.077644042 | D16: 1.2620703 | E16: 0.097992241 | F16: =Values!G14/Values!D14 -> 0.87158376 | G16: =F16*C16 -> 0.067673286 | H16: =Values!J14/Values!D14 -> 0 | I16: =H16*C16 -> 0 | J16: =Values!M14/Values!D14 -> 1.2550806 | K16: =J16*C16 -> 0.097449531 | L16: =Values!P14/Values!D14 -> 1.3707635 | M16: =L16*C16 -> 0.10643162 | N16: =Values!S14/Values!D14 -> 2.1298338 | O16: =N16*C16 -> 0.1653689
H19: Per Nucleus SRC to C12
C20: sd/d | D20: d | E20: sd | F20: L=0, l=0 | H20: Av18 | J20: SRG | L20: Spatial | N20: l=0, n=0
C21: =E21/D21 -> 0.048048429 | D21: 0.53378076 | E21: 0.025647327 | F21: =Values!G19/Values!D19 -> 1.2488298 | G21: =F21*C21 -> 0.060004311 | H21: =Values!J19/Values!D19 -> 1.1664071 | I21: =H21*C21 -> 0.056044027 | J21: =Values!M19/Values!D19 -> 1.2797327 | K21: =J21*C21 -> 0.061489148 | L21: =Values!P19/Values!D19 -> 0.97408727 | M21: =L21*C21 -> 0.046803363 | N21: =Values!S19/Values!D19 -> 1.182517 | O21: =N21*C21 -> 0.056818082
C22: =E22/D22 -> 0.035781749 | D22: 0.76751759 | E22: 0.027463122 | F22: =Values!G20/Values!D20 -> 0.86860262 | G22: =F22*C22 -> 0.031080121 | H22: =Values!J20/Values!D20 -> 0.97283494 | I22: =H22*C22 -> 0.034809736 | J22: =Values!M20/Values!D20 -> 1.0571834 | K22: =J22*C22 -> 0.037827872 | L22: =Values!P20/Values!D20 -> 0.93374782 | M22: =L22*C22 -> 0.03341113 | N22: =Values!S20/Values!D20 -> 0 | O22: =N22*C22 -> 0
C23: =E23/D23 -> 0.035040133 | D23: 0.83361773 | E23: 0.029210076 | F23: =Values!G21/Values!D21 -> 0.99967066 | G23: =F23*C23 -> 0.035028593 | H23: =Values!J21/Values!D21 -> 1.010667 | I23: =H23*C23 -> 0.035413908 | J23: =Values!M21/Values!D21 -> 1.0383625 | K23: =J23*C23 -> 0.036384361 | L23: =Values!P21/Values!D21 -> 1.0196641 | M23: =L23*C23 -> 0.035729165 | N23: =Values!S21/Values!D21 -> 0 | O23: =N23*C23 -> 0
C24: =E24/D24 -> 0 | D24: 1 | E24: 0 | F24: =Values!G22/Values!D22 -> 1 | G24: =F24*C24 -> 0 | H24: =Values!J22/Values!D22 -> 1 | I24: =H24*C24 -> 0 | J24: =Values!M22/Values!D22 -> 1 | K24: =J24*C24 -> 0 | L24: =Values!P22/Values!D22 -> 1 | M24: =L24*C24 -> 0 | N24: =Values!S22/Values!D22 -> 1 | O24: =N24*C24 -> 0
C25: =E25/D25 -> 0.053401501 | D25: 3.0903481 | E25: 0.16502923 | F25: =Values!G23/Values!D23 -> 1.0786275 | G25: =F25*C25 -> 0.057600327 | H25: =Values!J23/Values!D23 -> 0.92114787 | I25: =H25*C25 -> 0.049190679 | J25: =Values!M23/Values!D23 -> 1.2491984 | K25: =J25*C25 -> 0.066709069 | L25: =Values!P23/Values!D23 -> 1.2512079 | M25: =L25*C25 -> 0.066816379 | N25: =Values!S23/Values!D23 -> 1.7042314 | O25: =N25*C25 -> 0.091008516
C26: =E26/D26 -> 0.057749424 | D26: 3.3869371 | E26: 0.19559367 | F26: =Values!G24/Values!D24 -> 0.98418241 | G26: =F26*C26 -> 0.056835967 | H26: =Values!J24/Values!D24 -> 0 | I26: =H26*C26 -> 0 | J26: =Values!M24/Values!D24 -> 1.3255952 | K26: =J26*C26 -> 0.076552358 | L26: =Values!P24/Values!D24 -> 1.5057991 | M26: =L26*C26 -> 0.086959029 | N26: =Values!S24/Values!D24 -> 1.8660098 | O26: =N26*C26 -> 0.10776099
C27: =E27/D27 -> 0.054790222 | D27: 5.0550764 | E27: 0.27696876 | F27: =Values!G25/Values!D25 -> 0.85721982 | G27: =F27*C27 -> 0.046967264 | H27: =Values!J25/Values!D25 -> 0 | I27: =H27*C27 -> 0 | J27: =Values!M25/Values!D25 -> 1.0104612 | K27: =J27*C27 -> 0.055363393 | L27: =Values!P25/Values!D25 -> 1.1572468 | M27: =L27*C27 -> 0.063405807 | N27: =Values!S25/Values!D25 -> 1.5275657 | O27: =N27*C27 -> 0.083695665
C28: =E28/D28 -> 0.077644042 | D28: 16.617489 | E28: 1.290249 | F28: =Values!G26/Values!D26 -> 0.87158376 | G28: =F28*C28 -> 0.067673286 | H28: =Values!J26/Values!D26 -> 0 | I28: =H28*C28 -> 0 | J28: =Values!M26/Values!D26 -> 1.2550806 | K28: =J28*C28 -> 0.097449531 | L28: =Values!P26/Values!D26 -> 1.3707635 | M28: =L28*C28 -> 0.10643162 | N28: =Values!S26/Values!D26 -> 2.1298338 | O28: =N28*C28 -> 0.1653689
